--------------------------------------------------------
--  File created - четверг-мая-04-2023   
--------------------------------------------------------
--------------------------------------------------------
--  DDL for Table BOOKING
--------------------------------------------------------

  CREATE TABLE "USER_2023"."BOOKING" 
   (	"ID" NUMBER(10,0), 
	"EVENTS_ID" NUMBER(10,0), 
	"USERS_ID" NUMBER(10,0)
   ) SEGMENT CREATION IMMEDIATE 
  PCTFREE 10 PCTUSED 40 INITRANS 1 MAXTRANS 255 
 NOCOMPRESS LOGGING
  STORAGE(INITIAL 65536 NEXT 1048576 MINEXTENTS 1 MAXEXTENTS 2147483645
  PCTINCREASE 0 FREELISTS 1 FREELIST GROUPS 1
  BUFFER_POOL DEFAULT FLASH_CACHE DEFAULT CELL_FLASH_CACHE DEFAULT)
  TABLESPACE "USERS" ;
--------------------------------------------------------
--  DDL for Table CITIES
--------------------------------------------------------

  CREATE TABLE "USER_2023"."CITIES" 
   (	"ID" NUMBER(10,0), 
	"NAME" VARCHAR2(255 BYTE)
   ) SEGMENT CREATION IMMEDIATE 
  PCTFREE 10 PCTUSED 40 INITRANS 1 MAXTRANS 255 
 NOCOMPRESS LOGGING
  STORAGE(INITIAL 65536 NEXT 1048576 MINEXTENTS 1 MAXEXTENTS 2147483645
  PCTINCREASE 0 FREELISTS 1 FREELIST GROUPS 1
  BUFFER_POOL DEFAULT FLASH_CACHE DEFAULT CELL_FLASH_CACHE DEFAULT)
  TABLESPACE "USERS" ;
--------------------------------------------------------
--  DDL for Table EVENTS
--------------------------------------------------------

  CREATE TABLE "USER_2023"."EVENTS" 
   (	"ID" NUMBER(10,0), 
	"NAME" VARCHAR2(255 BYTE), 
	"DESCRIPTION" VARCHAR2(255 BYTE), 
	"EVENT_DATE" DATE, 
	"PRICE" VARCHAR2(255 BYTE), 
	"CITY_ID" NUMBER(10,0), 
	"ORGANIZATION_ID" NUMBER(10,0), 
	"TOPIC_ID" NUMBER(10,0)
   ) SEGMENT CREATION IMMEDIATE 
  PCTFREE 10 PCTUSED 40 INITRANS 1 MAXTRANS 255 
 NOCOMPRESS LOGGING
  STORAGE(INITIAL 65536 NEXT 1048576 MINEXTENTS 1 MAXEXTENTS 2147483645
  PCTINCREASE 0 FREELISTS 1 FREELIST GROUPS 1
  BUFFER_POOL DEFAULT FLASH_CACHE DEFAULT CELL_FLASH_CACHE DEFAULT)
  TABLESPACE "USERS" ;
--------------------------------------------------------
--  DDL for Table FEEDBACKS
--------------------------------------------------------

  CREATE TABLE "USER_2023"."FEEDBACKS" 
   (	"ID" NUMBER(10,0), 
	"USER_COMMENT" VARCHAR2(255 BYTE), 
	"USER_ID" NUMBER(10,0)
   ) SEGMENT CREATION IMMEDIATE 
  PCTFREE 10 PCTUSED 40 INITRANS 1 MAXTRANS 255 
 NOCOMPRESS LOGGING
  STORAGE(INITIAL 65536 NEXT 1048576 MINEXTENTS 1 MAXEXTENTS 2147483645
  PCTINCREASE 0 FREELISTS 1 FREELIST GROUPS 1
  BUFFER_POOL DEFAULT FLASH_CACHE DEFAULT CELL_FLASH_CACHE DEFAULT)
  TABLESPACE "USERS" ;
--------------------------------------------------------
--  DDL for Table ORGANIZATIONS
--------------------------------------------------------

  CREATE TABLE "USER_2023"."ORGANIZATIONS" 
   (	"ID" NUMBER(10,0), 
	"NAME" VARCHAR2(255 BYTE), 
	"DESCRIPTION" VARCHAR2(255 BYTE)
   ) SEGMENT CREATION IMMEDIATE 
  PCTFREE 10 PCTUSED 40 INITRANS 1 MAXTRANS 255 
 NOCOMPRESS LOGGING
  STORAGE(INITIAL 65536 NEXT 1048576 MINEXTENTS 1 MAXEXTENTS 2147483645
  PCTINCREASE 0 FREELISTS 1 FREELIST GROUPS 1
  BUFFER_POOL DEFAULT FLASH_CACHE DEFAULT CELL_FLASH_CACHE DEFAULT)
  TABLESPACE "USERS" ;
--------------------------------------------------------
--  DDL for Table TOPICS
--------------------------------------------------------

  CREATE TABLE "USER_2023"."TOPICS" 
   (	"ID" NUMBER(38,0), 
	"DESCRIPTION" VARCHAR2(255 CHAR), 
	"NAME" VARCHAR2(255 CHAR)
   ) SEGMENT CREATION IMMEDIATE 
  PCTFREE 10 PCTUSED 40 INITRANS 1 MAXTRANS 255 
 NOCOMPRESS LOGGING
  STORAGE(INITIAL 65536 NEXT 1048576 MINEXTENTS 1 MAXEXTENTS 2147483645
  PCTINCREASE 0 FREELISTS 1 FREELIST GROUPS 1
  BUFFER_POOL DEFAULT FLASH_CACHE DEFAULT CELL_FLASH_CACHE DEFAULT)
  TABLESPACE "USERS" ;
--------------------------------------------------------
--  DDL for Table USERS
--------------------------------------------------------

  CREATE TABLE "USER_2023"."USERS" 
   (	"ID" NUMBER(38,0), 
	"EMAIL" VARCHAR2(255 CHAR), 
	"FULLNAME" VARCHAR2(255 CHAR), 
	"PASSWORD" VARCHAR2(255 CHAR), 
	"PHONENUMBER" VARCHAR2(255 CHAR), 
	"CITY_ID" NUMBER(38,0), 
	"AGE" NUMBER(10,0)
   ) SEGMENT CREATION IMMEDIATE 
  PCTFREE 10 PCTUSED 40 INITRANS 1 MAXTRANS 255 
 NOCOMPRESS LOGGING
  STORAGE(INITIAL 65536 NEXT 1048576 MINEXTENTS 1 MAXEXTENTS 2147483645
  PCTINCREASE 0 FREELISTS 1 FREELIST GROUPS 1
  BUFFER_POOL DEFAULT FLASH_CACHE DEFAULT CELL_FLASH_CACHE DEFAULT)
  TABLESPACE "USERS" ;
REM INSERTING into USER_2023.BOOKING
SET DEFINE OFF;
Insert into USER_2023.BOOKING (ID,EVENTS_ID,USERS_ID) values ('7','3','42');
Insert into USER_2023.BOOKING (ID,EVENTS_ID,USERS_ID) values ('8','3','55');
Insert into USER_2023.BOOKING (ID,EVENTS_ID,USERS_ID) values ('9','4','55');
Insert into USER_2023.BOOKING (ID,EVENTS_ID,USERS_ID) values ('10','4','42');
REM INSERTING into USER_2023.CITIES
SET DEFINE OFF;
Insert into USER_2023.CITIES (ID,NAME) values ('9','Almaty');
Insert into USER_2023.CITIES (ID,NAME) values ('11','Astana');
Insert into USER_2023.CITIES (ID,NAME) values ('13','Shymkent');
Insert into USER_2023.CITIES (ID,NAME) values ('15','Taraz');
Insert into USER_2023.CITIES (ID,NAME) values ('17','Pazvlodar');
Insert into USER_2023.CITIES (ID,NAME) values ('19','Karaganda');
Insert into USER_2023.CITIES (ID,NAME) values ('21','Turkestan');
Insert into USER_2023.CITIES (ID,NAME) values ('23','Kostanay');
Insert into USER_2023.CITIES (ID,NAME) values ('25','Kyzylorda');
Insert into USER_2023.CITIES (ID,NAME) values ('27','Aktau');
Insert into USER_2023.CITIES (ID,NAME) values ('29','Atyrau');
Insert into USER_2023.CITIES (ID,NAME) values ('31','Oral');
Insert into USER_2023.CITIES (ID,NAME) values ('33','Aktobe');
Insert into USER_2023.CITIES (ID,NAME) values ('35','Kokshetau');
Insert into USER_2023.CITIES (ID,NAME) values ('37','Zhezkazgan');
Insert into USER_2023.CITIES (ID,NAME) values ('39','Petropavlovsk');
Insert into USER_2023.CITIES (ID,NAME) values ('41','Taldykorgan');
REM INSERTING into USER_2023.EVENTS
SET DEFINE OFF;
Insert into USER_2023.EVENTS (ID,NAME,DESCRIPTION,EVENT_DATE,PRICE,CITY_ID,ORGANIZATION_ID,TOPIC_ID) values ('1','Bolwoi koncert','bolwaya musica Almaty',to_date('04.06.23','DD.MM.RR'),'10000','9','6','1');
Insert into USER_2023.EVENTS (ID,NAME,DESCRIPTION,EVENT_DATE,PRICE,CITY_ID,ORGANIZATION_ID,TOPIC_ID) values ('2','Meeting','meeting bolady',to_date('04.05.23','DD.MM.RR'),'1000','15','5','6');
Insert into USER_2023.EVENTS (ID,NAME,DESCRIPTION,EVENT_DATE,PRICE,CITY_ID,ORGANIZATION_ID,TOPIC_ID) values ('3','Risovanie vystavka','big art festival',to_date('24.07.23','DD.MM.RR'),'1500','11','2','4');
Insert into USER_2023.EVENTS (ID,NAME,DESCRIPTION,EVENT_DATE,PRICE,CITY_ID,ORGANIZATION_ID,TOPIC_ID) values ('4','John-Wick','John Wick kinosy premiere',to_date('20.04.23','DD.MM.RR'),'2000','9','4','5');
Insert into USER_2023.EVENTS (ID,NAME,DESCRIPTION,EVENT_DATE,PRICE,CITY_ID,ORGANIZATION_ID,TOPIC_ID) values ('5','Vladimirs opera','opera koncert Shymkent',to_date('07.07.23','DD.MM.RR'),'1000','13','2','2');
Insert into USER_2023.EVENTS (ID,NAME,DESCRIPTION,EVENT_DATE,PRICE,CITY_ID,ORGANIZATION_ID,TOPIC_ID) values ('6','Big maraphoon','maraphon v Taraze',to_date('06.06.23','DD.MM.RR'),'2500','15','2','3');
Insert into USER_2023.EVENTS (ID,NAME,DESCRIPTION,EVENT_DATE,PRICE,CITY_ID,ORGANIZATION_ID,TOPIC_ID) values ('7','laallala','ukshfjksmvjkdn',to_date('06.06.23','DD.MM.RR'),'2800','19','3','4');
Insert into USER_2023.EVENTS (ID,NAME,DESCRIPTION,EVENT_DATE,PRICE,CITY_ID,ORGANIZATION_ID,TOPIC_ID) values ('8','kokokok','uzuzuzuuzn',to_date('06.06.23','DD.MM.RR'),'2800','19','3','4');
Insert into USER_2023.EVENTS (ID,NAME,DESCRIPTION,EVENT_DATE,PRICE,CITY_ID,ORGANIZATION_ID,TOPIC_ID) values ('9','ohohoho','yayayay',to_date('06.06.23','DD.MM.RR'),'2800','19','3','4');
Insert into USER_2023.EVENTS (ID,NAME,DESCRIPTION,EVENT_DATE,PRICE,CITY_ID,ORGANIZATION_ID,TOPIC_ID) values ('10','dadadad','yayayay',to_date('06.06.23','DD.MM.RR'),'2800','17','1','6');
Insert into USER_2023.EVENTS (ID,NAME,DESCRIPTION,EVENT_DATE,PRICE,CITY_ID,ORGANIZATION_ID,TOPIC_ID) values ('11','dggbdfb','yaydfbayay',to_date('06.06.23','DD.MM.RR'),'2800','17','1','6');
REM INSERTING into USER_2023.FEEDBACKS
SET DEFINE OFF;
Insert into USER_2023.FEEDBACKS (ID,USER_COMMENT,USER_ID) values ('1','cool','42');
Insert into USER_2023.FEEDBACKS (ID,USER_COMMENT,USER_ID) values ('2','wowow','55');
Insert into USER_2023.FEEDBACKS (ID,USER_COMMENT,USER_ID) values ('3','gyu','53');
REM INSERTING into USER_2023.ORGANIZATIONS
SET DEFINE OFF;
Insert into USER_2023.ORGANIZATIONS (ID,NAME,DESCRIPTION) values ('1','Lalaland','big organization in KZ since 1999');
Insert into USER_2023.ORGANIZATIONS (ID,NAME,DESCRIPTION) values ('2','HolaHola','hola hola,We are hola !');
Insert into USER_2023.ORGANIZATIONS (ID,NAME,DESCRIPTION) values ('3','JummyAgency','Jummy Agency,We are love all of you !');
Insert into USER_2023.ORGANIZATIONS (ID,NAME,DESCRIPTION) values ('4','JummyAgency','Jummy Agency,We are love all of you !');
Insert into USER_2023.ORGANIZATIONS (ID,NAME,DESCRIPTION) values ('5','DisneyKZ','DisneyKZ,We are love all of you !');
Insert into USER_2023.ORGANIZATIONS (ID,NAME,DESCRIPTION) values ('6','Groovy','Groovy,very comfortable with us !');
Insert into USER_2023.ORGANIZATIONS (ID,NAME,DESCRIPTION) values ('7','KolsayTRIP','KolsayTrip,very comfortable with us !');
REM INSERTING into USER_2023.TOPICS
SET DEFINE OFF;
Insert into USER_2023.TOPICS (ID,DESCRIPTION,NAME) values ('3','Sport is cool','Sport');
Insert into USER_2023.TOPICS (ID,DESCRIPTION,NAME) values ('1','Music is cool','Music');
Insert into USER_2023.TOPICS (ID,DESCRIPTION,NAME) values ('2','Theatre is cool','Theatre');
Insert into USER_2023.TOPICS (ID,DESCRIPTION,NAME) values ('4','Art is cool','Art');
Insert into USER_2023.TOPICS (ID,DESCRIPTION,NAME) values ('5','Cinema is cool','Cinema');
Insert into USER_2023.TOPICS (ID,DESCRIPTION,NAME) values ('6','Meeting is cool','Meeting');
REM INSERTING into USER_2023.USERS
SET DEFINE OFF;
Insert into USER_2023.USERS (ID,EMAIL,FULLNAME,PASSWORD,PHONENUMBER,CITY_ID,AGE) values ('42','nurik@gmail.com','Nursultan','qwerty','87778297272','9','23');
Insert into USER_2023.USERS (ID,EMAIL,FULLNAME,PASSWORD,PHONENUMBER,CITY_ID,AGE) values ('43','erbol@gmail.com','Erbol','erbol','87778287072','9','26');
Insert into USER_2023.USERS (ID,EMAIL,FULLNAME,PASSWORD,PHONENUMBER,CITY_ID,AGE) values ('44','doszhan@gmail.com','Doszhan','doszhan','87752586574','11','26');
Insert into USER_2023.USERS (ID,EMAIL,FULLNAME,PASSWORD,PHONENUMBER,CITY_ID,AGE) values ('45','serik@gmail.com','Serik','serik123','87762586574','13','36');
Insert into USER_2023.USERS (ID,EMAIL,FULLNAME,PASSWORD,PHONENUMBER,CITY_ID,AGE) values ('46','berik@gmail.com','Berki','berik','8747526987','17','45');
Insert into USER_2023.USERS (ID,EMAIL,FULLNAME,PASSWORD,PHONENUMBER,CITY_ID,AGE) values ('47','aizhan@gmail.com','Aizhan','aizhan','87085246987','19','28');
Insert into USER_2023.USERS (ID,EMAIL,FULLNAME,PASSWORD,PHONENUMBER,CITY_ID,AGE) values ('48','madina@gmail.com','Madina','madina589','87023657498','11','18');
Insert into USER_2023.USERS (ID,EMAIL,FULLNAME,PASSWORD,PHONENUMBER,CITY_ID,AGE) values ('53','erbol@gmail.com','Erbol','erbol','87778287072','9','26');
Insert into USER_2023.USERS (ID,EMAIL,FULLNAME,PASSWORD,PHONENUMBER,CITY_ID,AGE) values ('54','doszhan@gmail.com','Doszhan','doszhan','87752586574','11','26');
Insert into USER_2023.USERS (ID,EMAIL,FULLNAME,PASSWORD,PHONENUMBER,CITY_ID,AGE) values ('55','serik@gmail.com','Serik','serik123','87762586574','13','36');
Insert into USER_2023.USERS (ID,EMAIL,FULLNAME,PASSWORD,PHONENUMBER,CITY_ID,AGE) values ('56','berik@gmail.com','Berki','berik','8747526987','17','45');
Insert into USER_2023.USERS (ID,EMAIL,FULLNAME,PASSWORD,PHONENUMBER,CITY_ID,AGE) values ('57','aizhan@gmail.com','Aizhan','aizhan','87085246987','19','28');
Insert into USER_2023.USERS (ID,EMAIL,FULLNAME,PASSWORD,PHONENUMBER,CITY_ID,AGE) values ('58','madina@gmail.com','Madina','madina589','87023657498','11','18');
Insert into USER_2023.USERS (ID,EMAIL,FULLNAME,PASSWORD,PHONENUMBER,CITY_ID,AGE) values ('59','aiyaulym@gmail.com','Ayaulym','ayau145','87056589745','9','25');
Insert into USER_2023.USERS (ID,EMAIL,FULLNAME,PASSWORD,PHONENUMBER,CITY_ID,AGE) values ('60','kozha@gmail.com','Kozha','kozha111','87012586574','13','27');
Insert into USER_2023.USERS (ID,EMAIL,FULLNAME,PASSWORD,PHONENUMBER,CITY_ID,AGE) values ('61','akezhan@gmail.com','Akezhan','aki777','87775847214','21','22');
Insert into USER_2023.USERS (ID,EMAIL,FULLNAME,PASSWORD,PHONENUMBER,CITY_ID,AGE) values ('62','tilek@gmail.com','Tilek','tiko001','87787524187','11','24');
--------------------------------------------------------
--  DDL for Index BOOKING_PK
--------------------------------------------------------

  CREATE UNIQUE INDEX "USER_2023"."BOOKING_PK" ON "USER_2023"."BOOKING" ("ID") 
  PCTFREE 10 INITRANS 2 MAXTRANS 255 COMPUTE STATISTICS 
  STORAGE(INITIAL 65536 NEXT 1048576 MINEXTENTS 1 MAXEXTENTS 2147483645
  PCTINCREASE 0 FREELISTS 1 FREELIST GROUPS 1
  BUFFER_POOL DEFAULT FLASH_CACHE DEFAULT CELL_FLASH_CACHE DEFAULT)
  TABLESPACE "USERS" ;
--------------------------------------------------------
--  DDL for Index CITIES_PK
--------------------------------------------------------

  CREATE UNIQUE INDEX "USER_2023"."CITIES_PK" ON "USER_2023"."CITIES" ("ID") 
  PCTFREE 10 INITRANS 2 MAXTRANS 255 COMPUTE STATISTICS 
  STORAGE(INITIAL 65536 NEXT 1048576 MINEXTENTS 1 MAXEXTENTS 2147483645
  PCTINCREASE 0 FREELISTS 1 FREELIST GROUPS 1
  BUFFER_POOL DEFAULT FLASH_CACHE DEFAULT CELL_FLASH_CACHE DEFAULT)
  TABLESPACE "USERS" ;
--------------------------------------------------------
--  DDL for Index EVENTS_PK
--------------------------------------------------------

  CREATE UNIQUE INDEX "USER_2023"."EVENTS_PK" ON "USER_2023"."EVENTS" ("ID") 
  PCTFREE 10 INITRANS 2 MAXTRANS 255 COMPUTE STATISTICS 
  STORAGE(INITIAL 65536 NEXT 1048576 MINEXTENTS 1 MAXEXTENTS 2147483645
  PCTINCREASE 0 FREELISTS 1 FREELIST GROUPS 1
  BUFFER_POOL DEFAULT FLASH_CACHE DEFAULT CELL_FLASH_CACHE DEFAULT)
  TABLESPACE "USERS" ;
--------------------------------------------------------
--  DDL for Index FEEDBACKS_PK
--------------------------------------------------------

  CREATE UNIQUE INDEX "USER_2023"."FEEDBACKS_PK" ON "USER_2023"."FEEDBACKS" ("ID") 
  PCTFREE 10 INITRANS 2 MAXTRANS 255 COMPUTE STATISTICS 
  STORAGE(INITIAL 65536 NEXT 1048576 MINEXTENTS 1 MAXEXTENTS 2147483645
  PCTINCREASE 0 FREELISTS 1 FREELIST GROUPS 1
  BUFFER_POOL DEFAULT FLASH_CACHE DEFAULT CELL_FLASH_CACHE DEFAULT)
  TABLESPACE "USERS" ;
--------------------------------------------------------
--  DDL for Index ORGANIZATIONS_PK
--------------------------------------------------------

  CREATE UNIQUE INDEX "USER_2023"."ORGANIZATIONS_PK" ON "USER_2023"."ORGANIZATIONS" ("ID") 
  PCTFREE 10 INITRANS 2 MAXTRANS 255 COMPUTE STATISTICS 
  STORAGE(INITIAL 65536 NEXT 1048576 MINEXTENTS 1 MAXEXTENTS 2147483645
  PCTINCREASE 0 FREELISTS 1 FREELIST GROUPS 1
  BUFFER_POOL DEFAULT FLASH_CACHE DEFAULT CELL_FLASH_CACHE DEFAULT)
  TABLESPACE "USERS" ;
--------------------------------------------------------
--  DDL for Index PK_TOPICS
--------------------------------------------------------

  CREATE UNIQUE INDEX "USER_2023"."PK_TOPICS" ON "USER_2023"."TOPICS" ("ID") 
  PCTFREE 10 INITRANS 2 MAXTRANS 255 COMPUTE STATISTICS 
  STORAGE(INITIAL 65536 NEXT 1048576 MINEXTENTS 1 MAXEXTENTS 2147483645
  PCTINCREASE 0 FREELISTS 1 FREELIST GROUPS 1
  BUFFER_POOL DEFAULT FLASH_CACHE DEFAULT CELL_FLASH_CACHE DEFAULT)
  TABLESPACE "USERS" ;
--------------------------------------------------------
--  DDL for Index PK_USERS
--------------------------------------------------------

  CREATE UNIQUE INDEX "USER_2023"."PK_USERS" ON "USER_2023"."USERS" ("ID") 
  PCTFREE 10 INITRANS 2 MAXTRANS 255 COMPUTE STATISTICS 
  STORAGE(INITIAL 65536 NEXT 1048576 MINEXTENTS 1 MAXEXTENTS 2147483645
  PCTINCREASE 0 FREELISTS 1 FREELIST GROUPS 1
  BUFFER_POOL DEFAULT FLASH_CACHE DEFAULT CELL_FLASH_CACHE DEFAULT)
  TABLESPACE "USERS" ;
--------------------------------------------------------
--  DDL for Trigger MYTABLE_TRIGGER
--------------------------------------------------------

  CREATE OR REPLACE NONEDITIONABLE TRIGGER "USER_2023"."MYTABLE_TRIGGER" 
  BEFORE INSERT ON booking
  FOR EACH ROW
BEGIN
  :new.id := mysequence3.NEXTVAL;
END;
/
ALTER TRIGGER "USER_2023"."MYTABLE_TRIGGER" ENABLE;
--------------------------------------------------------
--  DDL for Trigger MYTABLE_TRIGGER1
--------------------------------------------------------

  CREATE OR REPLACE NONEDITIONABLE TRIGGER "USER_2023"."MYTABLE_TRIGGER1" 
  BEFORE INSERT ON cities
  FOR EACH ROW
BEGIN
  :new.id := mysequence.NEXTVAL;
END;
/
ALTER TRIGGER "USER_2023"."MYTABLE_TRIGGER1" ENABLE;
--------------------------------------------------------
--  DDL for Trigger MYTABLE_TRIGGER2
--------------------------------------------------------

  CREATE OR REPLACE NONEDITIONABLE TRIGGER "USER_2023"."MYTABLE_TRIGGER2" 
  BEFORE INSERT ON cities
  FOR EACH ROW
BEGIN
  :new.id := mysequence.NEXTVAL;
END;
/
ALTER TRIGGER "USER_2023"."MYTABLE_TRIGGER2" ENABLE;
--------------------------------------------------------
--  DDL for Trigger EVENTS_COUNT_TRIGGER
--------------------------------------------------------

  CREATE OR REPLACE NONEDITIONABLE TRIGGER "USER_2023"."EVENTS_COUNT_TRIGGER" 
BEFORE INSERT ON events
FOR EACH ROW
DECLARE
  events_count NUMBER;
BEGIN
  SELECT COUNT(*) INTO events_count FROM events;
  DBMS_OUTPUT.PUT_LINE('Number of events before insert: ' || events_count);
END;
/
ALTER TRIGGER "USER_2023"."EVENTS_COUNT_TRIGGER" ENABLE;
--------------------------------------------------------
--  DDL for Trigger MYTABLE_TRIGGER8
--------------------------------------------------------

  CREATE OR REPLACE NONEDITIONABLE TRIGGER "USER_2023"."MYTABLE_TRIGGER8" 
  BEFORE INSERT ON events
  FOR EACH ROW
BEGIN
  :new.id := mysequence4.NEXTVAL;
END;
/
ALTER TRIGGER "USER_2023"."MYTABLE_TRIGGER8" ENABLE;
--------------------------------------------------------
--  DDL for Trigger MYTABLE_TRIGGER3
--------------------------------------------------------

  CREATE OR REPLACE NONEDITIONABLE TRIGGER "USER_2023"."MYTABLE_TRIGGER3" 
  BEFORE INSERT ON feedbacks
  FOR EACH ROW
BEGIN
  :new.id := mysequence5.NEXTVAL;
END;
/
ALTER TRIGGER "USER_2023"."MYTABLE_TRIGGER3" ENABLE;
--------------------------------------------------------
--  DDL for Trigger MYTABLE_TRIGGER4
--------------------------------------------------------

  CREATE OR REPLACE NONEDITIONABLE TRIGGER "USER_2023"."MYTABLE_TRIGGER4" 
  BEFORE INSERT ON organizations
  FOR EACH ROW
BEGIN
  :new.id := mysequence.NEXTVAL;
END;
/
ALTER TRIGGER "USER_2023"."MYTABLE_TRIGGER4" ENABLE;
--------------------------------------------------------
--  DDL for Trigger MYTABLE_TRIGGER5
--------------------------------------------------------

  CREATE OR REPLACE NONEDITIONABLE TRIGGER "USER_2023"."MYTABLE_TRIGGER5" 
  BEFORE INSERT ON topics
  FOR EACH ROW
BEGIN
  :new.id := mysequence2.NEXTVAL;
END;
/
ALTER TRIGGER "USER_2023"."MYTABLE_TRIGGER5" ENABLE;
--------------------------------------------------------
--  DDL for Trigger MYTABLE_TRIGGER6
--------------------------------------------------------

  CREATE OR REPLACE NONEDITIONABLE TRIGGER "USER_2023"."MYTABLE_TRIGGER6" 
  BEFORE INSERT ON users
  FOR EACH ROW
BEGIN
  :new.id := mysequence.NEXTVAL;
END;
/
ALTER TRIGGER "USER_2023"."MYTABLE_TRIGGER6" ENABLE;
--------------------------------------------------------
--  Constraints for Table BOOKING
--------------------------------------------------------

  ALTER TABLE "USER_2023"."BOOKING" MODIFY ("ID" NOT NULL ENABLE);
  ALTER TABLE "USER_2023"."BOOKING" MODIFY ("EVENTS_ID" NOT NULL ENABLE);
  ALTER TABLE "USER_2023"."BOOKING" MODIFY ("USERS_ID" NOT NULL ENABLE);
  ALTER TABLE "USER_2023"."BOOKING" ADD CONSTRAINT "BOOKING_PK" PRIMARY KEY ("ID")
  USING INDEX PCTFREE 10 INITRANS 2 MAXTRANS 255 COMPUTE STATISTICS 
  STORAGE(INITIAL 65536 NEXT 1048576 MINEXTENTS 1 MAXEXTENTS 2147483645
  PCTINCREASE 0 FREELISTS 1 FREELIST GROUPS 1
  BUFFER_POOL DEFAULT FLASH_CACHE DEFAULT CELL_FLASH_CACHE DEFAULT)
  TABLESPACE "USERS"  ENABLE;
--------------------------------------------------------
--  Constraints for Table CITIES
--------------------------------------------------------

  ALTER TABLE "USER_2023"."CITIES" MODIFY ("ID" NOT NULL ENABLE);
  ALTER TABLE "USER_2023"."CITIES" MODIFY ("NAME" NOT NULL ENABLE);
  ALTER TABLE "USER_2023"."CITIES" ADD CONSTRAINT "CITIES_PK" PRIMARY KEY ("ID")
  USING INDEX PCTFREE 10 INITRANS 2 MAXTRANS 255 COMPUTE STATISTICS 
  STORAGE(INITIAL 65536 NEXT 1048576 MINEXTENTS 1 MAXEXTENTS 2147483645
  PCTINCREASE 0 FREELISTS 1 FREELIST GROUPS 1
  BUFFER_POOL DEFAULT FLASH_CACHE DEFAULT CELL_FLASH_CACHE DEFAULT)
  TABLESPACE "USERS"  ENABLE;
--------------------------------------------------------
--  Constraints for Table EVENTS
--------------------------------------------------------

  ALTER TABLE "USER_2023"."EVENTS" MODIFY ("ID" NOT NULL ENABLE);
  ALTER TABLE "USER_2023"."EVENTS" MODIFY ("NAME" NOT NULL ENABLE);
  ALTER TABLE "USER_2023"."EVENTS" MODIFY ("DESCRIPTION" NOT NULL ENABLE);
  ALTER TABLE "USER_2023"."EVENTS" MODIFY ("EVENT_DATE" NOT NULL ENABLE);
  ALTER TABLE "USER_2023"."EVENTS" MODIFY ("PRICE" NOT NULL ENABLE);
  ALTER TABLE "USER_2023"."EVENTS" MODIFY ("CITY_ID" NOT NULL ENABLE);
  ALTER TABLE "USER_2023"."EVENTS" ADD CONSTRAINT "EVENTS_PK" PRIMARY KEY ("ID")
  USING INDEX PCTFREE 10 INITRANS 2 MAXTRANS 255 COMPUTE STATISTICS 
  STORAGE(INITIAL 65536 NEXT 1048576 MINEXTENTS 1 MAXEXTENTS 2147483645
  PCTINCREASE 0 FREELISTS 1 FREELIST GROUPS 1
  BUFFER_POOL DEFAULT FLASH_CACHE DEFAULT CELL_FLASH_CACHE DEFAULT)
  TABLESPACE "USERS"  ENABLE;
--------------------------------------------------------
--  Constraints for Table FEEDBACKS
--------------------------------------------------------

  ALTER TABLE "USER_2023"."FEEDBACKS" MODIFY ("ID" NOT NULL ENABLE);
  ALTER TABLE "USER_2023"."FEEDBACKS" MODIFY ("USER_COMMENT" NOT NULL ENABLE);
  ALTER TABLE "USER_2023"."FEEDBACKS" MODIFY ("USER_ID" NOT NULL ENABLE);
  ALTER TABLE "USER_2023"."FEEDBACKS" ADD CONSTRAINT "FEEDBACKS_PK" PRIMARY KEY ("ID")
  USING INDEX PCTFREE 10 INITRANS 2 MAXTRANS 255 COMPUTE STATISTICS 
  STORAGE(INITIAL 65536 NEXT 1048576 MINEXTENTS 1 MAXEXTENTS 2147483645
  PCTINCREASE 0 FREELISTS 1 FREELIST GROUPS 1
  BUFFER_POOL DEFAULT FLASH_CACHE DEFAULT CELL_FLASH_CACHE DEFAULT)
  TABLESPACE "USERS"  ENABLE;
--------------------------------------------------------
--  Constraints for Table ORGANIZATIONS
--------------------------------------------------------

  ALTER TABLE "USER_2023"."ORGANIZATIONS" MODIFY ("ID" NOT NULL ENABLE);
  ALTER TABLE "USER_2023"."ORGANIZATIONS" MODIFY ("NAME" NOT NULL ENABLE);
  ALTER TABLE "USER_2023"."ORGANIZATIONS" MODIFY ("DESCRIPTION" NOT NULL ENABLE);
  ALTER TABLE "USER_2023"."ORGANIZATIONS" ADD CONSTRAINT "ORGANIZATIONS_PK" PRIMARY KEY ("ID")
  USING INDEX PCTFREE 10 INITRANS 2 MAXTRANS 255 COMPUTE STATISTICS 
  STORAGE(INITIAL 65536 NEXT 1048576 MINEXTENTS 1 MAXEXTENTS 2147483645
  PCTINCREASE 0 FREELISTS 1 FREELIST GROUPS 1
  BUFFER_POOL DEFAULT FLASH_CACHE DEFAULT CELL_FLASH_CACHE DEFAULT)
  TABLESPACE "USERS"  ENABLE;
--------------------------------------------------------
--  Constraints for Table TOPICS
--------------------------------------------------------

  ALTER TABLE "USER_2023"."TOPICS" MODIFY ("ID" NOT NULL ENABLE);
  ALTER TABLE "USER_2023"."TOPICS" ADD CONSTRAINT "PK_TOPICS" PRIMARY KEY ("ID")
  USING INDEX PCTFREE 10 INITRANS 2 MAXTRANS 255 COMPUTE STATISTICS 
  STORAGE(INITIAL 65536 NEXT 1048576 MINEXTENTS 1 MAXEXTENTS 2147483645
  PCTINCREASE 0 FREELISTS 1 FREELIST GROUPS 1
  BUFFER_POOL DEFAULT FLASH_CACHE DEFAULT CELL_FLASH_CACHE DEFAULT)
  TABLESPACE "USERS"  ENABLE;
--------------------------------------------------------
--  Constraints for Table USERS
--------------------------------------------------------

  ALTER TABLE "USER_2023"."USERS" MODIFY ("ID" NOT NULL ENABLE);
  ALTER TABLE "USER_2023"."USERS" ADD CONSTRAINT "PK_USERS" PRIMARY KEY ("ID")
  USING INDEX PCTFREE 10 INITRANS 2 MAXTRANS 255 COMPUTE STATISTICS 
  STORAGE(INITIAL 65536 NEXT 1048576 MINEXTENTS 1 MAXEXTENTS 2147483645
  PCTINCREASE 0 FREELISTS 1 FREELIST GROUPS 1
  BUFFER_POOL DEFAULT FLASH_CACHE DEFAULT CELL_FLASH_CACHE DEFAULT)
  TABLESPACE "USERS"  ENABLE;
--------------------------------------------------------
--  Ref Constraints for Table BOOKING
--------------------------------------------------------

  ALTER TABLE "USER_2023"."BOOKING" ADD CONSTRAINT "FK_USERS_BOOKING" FOREIGN KEY ("USERS_ID")
	  REFERENCES "USER_2023"."USERS" ("ID") ENABLE;
  ALTER TABLE "USER_2023"."BOOKING" ADD CONSTRAINT "FK_EVENTS_BOOKING" FOREIGN KEY ("EVENTS_ID")
	  REFERENCES "USER_2023"."EVENTS" ("ID") ENABLE;
--------------------------------------------------------
--  Ref Constraints for Table EVENTS
--------------------------------------------------------

  ALTER TABLE "USER_2023"."EVENTS" ADD CONSTRAINT "FK_ORG_EVENTS" FOREIGN KEY ("ORGANIZATION_ID")
	  REFERENCES "USER_2023"."ORGANIZATIONS" ("ID") ENABLE;
  ALTER TABLE "USER_2023"."EVENTS" ADD CONSTRAINT "FK_CITIES_EVENTS" FOREIGN KEY ("CITY_ID")
	  REFERENCES "USER_2023"."CITIES" ("ID") ENABLE;
  ALTER TABLE "USER_2023"."EVENTS" ADD CONSTRAINT "FK_TOPICS_EVENTS" FOREIGN KEY ("TOPIC_ID")
	  REFERENCES "USER_2023"."TOPICS" ("ID") ENABLE;
--------------------------------------------------------
--  Ref Constraints for Table FEEDBACKS
--------------------------------------------------------

  ALTER TABLE "USER_2023"."FEEDBACKS" ADD CONSTRAINT "FK_USERS_FEEDBACKS" FOREIGN KEY ("USER_ID")
	  REFERENCES "USER_2023"."USERS" ("ID") ENABLE;
--------------------------------------------------------
--  Ref Constraints for Table USERS
--------------------------------------------------------

  ALTER TABLE "USER_2023"."USERS" ADD CONSTRAINT "FK_CITY_USERS" FOREIGN KEY ("CITY_ID")
	  REFERENCES "USER_2023"."CITIES" ("ID") ENABLE;
